isbn,title,plot,author,publisher,recommendedAge,coverImage,keywords,viewCount,categories
12345,계절의 변화,자연 속에서 계절의 변화를 배우는 이야기,윤계절,계절출판사,4,cover_image_url,,0,계절
23456,겨울의 이야기,겨울철 동물들과 식물의 생태를 배우는 이야기,김겨울,자연출판사,6,cover_image_url,,0,계절
34567,봄의 시작,봄의 꽃과 나무들이 어떻게 변화하는지 배우는 이야기,박봄,자연출판사,7,cover_image_url,,0,계절
45678,여름의 즐거움,여름철 야외 활동과 자연을 즐기는 이야기,이여름,자연출판사,8,cover_image_url,,0,계절
56789,가을의 풍경,가을에 변화하는 나무와 잎을 배우는 이야기,정가을,자연출판사,5,cover_image_url,,0,계절
67890,계절의 동물들,각 계절마다 다른 환경에서 살아가는 동물들 이야기,윤계절,동물출판사,9,cover_image_url,,0,계절
78901,계절의 색깔,계절별 자연 속에서 다양한 색을 배우는 이야기,김색깔,예술출판사,10,cover_image_url,,0,계절
89012,계절의 변화,계절별 기후 변화와 자연 현상을 배우는 이야기,정기후,과학출판사,6,cover_image_url,,0,계절
90123,계절별 축제,계절마다 열리는 축제를 배우는 이야기,박축제,문화출판사,7,cover_image_url,,0,계절
11234,계절과 스포츠,계절에 따른 다양한 스포츠 활동을 배우는 이야기,이스포츠,스포츠출판사,8,cover_image_url,,0,계절
22345,계절과 자연,자연의 계절 변화를 학습하는 이야기,김자연,자연출판사,9,cover_image_url,,0,계절
33456,계절의 옷차림,계절마다 달라지는 옷차림과 패션을 배우는 이야기,정패션,생활출판사,5,cover_image_url,,0,계절
44567,계절의 요리,계절별 제철 요리와 음식에 대한 이야기,박요리,요리출판사,6,cover_image_url,,0,계절
55678,계절과 환경,계절별 환경과 생태계를 배우는 이야기,이환경,환경출판사,7,cover_image_url,,0,계절
66789,계절의 향기,계절별 다양한 꽃과 향기에 대한 이야기,윤향기,예술출판사,8,cover_image_url,,0,계절
77890,계절과 예술,계절별 자연을 통한 예술적 영감을 배우는 이야기,김예술,예술출판사,9,cover_image_url,,0,계절
88901,계절의 그림,계절 풍경을 주제로 한 그림을 배우는 이야기,박그림,예술출판사,5,cover_image_url,,0,계절
99012,계절의 시,계절별로 쓰여진 시와 시인의 이야기,이시인,문학출판사,10,cover_image_url,,0,계절
10123,계절의 음악,계절을 주제로 한 음악과 소리에 대한 이야기,정음악,음악출판사,6,cover_image_url,,0,계절
11235,계절의 모험,계절에 따른 야외 모험과 탐험 이야기,박모험,모험출판사,7,cover_image_url,,0,계절
22346,계절의 동화,계절을 배경으로 한 다양한 동화를 배우는 이야기,윤동화,동화출판사,8,cover_image_url,,0,계절
33457,계절의 책,계절별로 즐길 수 있는 책 추천 이야기,김책,문학출판사,9,cover_image_url,,0,계절
44568,계절의 맛,계절별 맛볼 수 있는 과일과 음식 이야기,이맛,요리출판사,5,cover_image_url,,0,계절
55679,계절의 변화,자연에서 계절의 변화를 느끼는 이야기,박변화,자연출판사,6,cover_image_url,,0,계절
66790,계절과 동물,계절마다 다른 동물의 생활을 배우는 이야기,김동물,동물출판사,7,cover_image_url,,0,계절
77891,계절의 꽃,계절마다 피어나는 꽃을 배우는 이야기,윤꽃,자연출판사,8,cover_image_url,,0,계절
88902,계절의 명화,계절을 배경으로 한 명화를 배우는 이야기,정명화,예술출판사,9,cover_image_url,,0,계절
99013,계절의 기후,계절별 기후 변화와 특징을 배우는 이야기,박기후,과학출판사,10,cover_image_url,,0,계절
10124,계절과 기상,계절에 따른 기상 현상을 배우는 이야기,이기상,기상출판사,6,cover_image_url,,0,계절
11236,계절의 소리,계절별 자연에서 들리는 소리에 대한 이야기,정소리,자연출판사,7,cover_image_url,,0,계절
22347,계절의 꿈,계절별 다양한 꿈과 이야기를 배우는 이야기,김꿈,상상출판사,8,cover_image_url,,0,계절
33458,계절의 역사,계절과 관련된 역사적인 이야기,박역사,역사출판사,9,cover_image_url,,0,계절
44569,계절의 향기,계절별 자연 속에서 느낄 수 있는 향기 이야기,이향기,자연출판사,5,cover_image_url,,0,계절
55680,계절과 친구,계절별 친구들과의 모험을 그린 이야기,윤친구,친구출판사,6,cover_image_url,,0,계절
66791,계절과 놀이,계절별 즐길 수 있는 놀이와 활동,박놀이,놀이출판사,7,cover_image_url,,0,계절
77892,계절의 패션,계절에 따른 패션과 스타일을 배우는 이야기,김패션,생활출판사,8,cover_image_url,,0,계절
88903,계절의 빛,계절별 자연의 빛과 색을 배우는 이야기,정빛,예술출판사,9,cover_image_url,,0,계절
99014,계절의 옛 이야기,계절에 얽힌 전통 이야기와 전설,이옛날,전통출판사,10,cover_image_url,,0,계절
10125,계절과 축제,계절마다 열리는 다양한 축제 이야기,박축제,문화출판사,6,cover_image_url,,0,계절
11237,계절의 향,계절별로 느껴지는 다양한 자연 향기 이야기,윤향기,자연출판사,7,cover_image_url,,0,계절
22348,계절의 음식,계절에 따라 달라지는 음식을 배우는 이야기,김음식,요리출판사,8,cover_image_url,,0,계절
33459,계절의 여정,계절을 주제로 한 다양한 탐험 이야기,박여정,모험출판사,9,cover_image_url,,0,계절
44570,계절의 색깔,계절별로 다른 자연의 색을 배우는 이야기,정색깔,예술출판사,10,cover_image_url,,0,계절
55681,계절과 운동,계절에 따라 즐길 수 있는 다양한 운동 이야기,김운동,스포츠출판사,5,cover_image_url,,0,계절
66792,계절의 예술,계절에서 영감을 얻은 다양한 예술 이야기,이예술,예술출판사,6,cover_image_url,,0,계절
77893,계절의 시,계절별로 시와 문학을 배우는 이야기,윤문학,문학출판사,7,cover_image_url,,0,계절
88904,계절과 과학,계절에 따라 변하는 자연 현상과 과학 이야기,김과학,과학출판사,8,cover_image_url,,0,계절
99015,계절의 전통,계절에 얽힌 전통과 풍습을 배우는 이야기,박전통,전통출판사,9,cover_image_url,,0,계절
10126,계절과 놀이,계절에 따른 야외 놀이와 활동 이야기,정놀이,놀이출판사,10,cover_image_url,,0,계절
11238,계절의 동화,계절을 주제로 한 동화와 이야기,이동화,동화출판사,5,cover_image_url,,0,계절
22349,계절의 색채,계절마다 다른 자연의 색채를 배우는 이야기,김색채,예술출판사,6,cover_image_url,,0,계절
33460,계절의 자연,계절의 자연과 그 변화를 배우는 이야기,박자연,자연출판사,7,cover_image_url,,0,계절
44571,계절의 미술,계절에 따른 미술 작품을 배우는 이야기,이미술,예술출판사,8,cover_image_url,,0,계절
55682,계절의 꽃,계절마다 피어나는 꽃들을 배우는 이야기,윤꽃,자연출판사,9,cover_image_url,,0,계절
66793,계절의 생물,계절별 생물의 변화와 생태를 배우는 이야기,김생물,생물출판사,10,cover_image_url,,0,계절
77894,계절의 환경,계절별로 달라지는 환경을 배우는 이야기,정환경,환경출판사,5,cover_image_url,,0,계절
88905,계절과 기상,계절별 기상 변화와 예보에 대한 이야기,이기상,기상출판사,6,cover_image_url,,0,계절
99016,계절의 색상,계절마다 다른 자연의 색상 변화,박색상,예술출판사,7,cover_image_url,,0,계절
10127,계절의 그림,계절별 자연의 모습을 그림으로 배우는 이야기,정그림,예술출판사,8,cover_image_url,,0,계절
11239,계절과 축제,계절마다 열리는 축제와 문화 이야기,윤축제,문화출판사,9,cover_image_url,,0,계절
